,LoanID,MOB,Term,Status,Amount,Coupon,ParSpread,ParYield,ModYield,AvgYield,ActYield,ModPrice,AvgPrice,ActPrice
1444893,3160173.0,1.0,60.0,0.0,18000.0,23.28,-2.19495049192,-0.224150491917,-3.73636426002,-18.3779159993,-90.7993306346,95.1140807334,95.1140807334,100.0
1444894,3160173.0,2.0,60.0,0.0,18000.0,23.28,-2.19495049192,-0.224150491917,0.924419586671,-12.4474795668,-93.9838817962,102.672274051,102.672274051,100.0
1444895,3160173.0,3.0,60.0,0.0,18000.0,23.28,-2.19495049192,-0.224150491917,-2.68587916687,-19.9470308301,-96.5134248433,96.5733483892,96.5733483892,100.0
1444896,3160173.0,4.0,60.0,0.0,18000.0,23.28,-2.19495049192,-0.224150491917,-9.12099882355,-24.3249836668,-98.3039465315,87.1623739308,87.1623739308,100.0
1444897,3160173.0,5.0,60.0,0.0,18000.0,23.28,-2.19495049192,-0.224150491917,-2.15706933126,-18.9673468545,-99.3678467555,97.4693660987,97.4693660987,100.0
1444898,3160173.0,6.0,60.0,0.0,18000.0,23.28,-2.19495049192,-0.224150491917,-5.88571827046,-21.2870678962,-99.8468690342,92.0529269475,92.0529269475,100.0
1444899,3160173.0,7.0,60.0,0.0,18000.0,23.28,-2.19495049192,-0.224150491917,1.25184762685,-11.3314477055,-99.9826377105,103.193404649,103.193404649,100.0
1444900,3160173.0,8.0,60.0,0.0,18000.0,23.28,-2.19495049192,-0.224150491917,-6.43459910352,-22.854097199,-99.9995678394,91.1799323906,91.1799323906,100.0
1444901,3160173.0,9.0,60.0,0.0,18000.0,23.28,-2.19495049192,-0.224150491917,1.60641505573,-9.99145343579,-99.999999742,103.639950147,103.639950147,100.0
1444902,3160173.0,10.0,60.0,0.0,18000.0,23.28,-2.19495049192,-0.224150491917,-3.61382319799,-15.6617374789,-100.0,95.9482069484,95.9482069484,100.0
1444903,3160173.0,11.0,60.0,0.0,18000.0,23.28,-2.19495049192,-0.224150491917,-56.1254977561,-67.2546522304,,42.1700451157,42.1700451157,100.0
1444904,3160173.0,12.0,60.0,1.0,18000.0,23.28,-2.19495049192,-0.224150491917,-61.0903625751,,,42.842555408,42.842555408,100.0
1444905,3160173.0,13.0,60.0,2.0,18000.0,23.28,-2.19495049192,-0.224150491917,-60.0026326949,,,44.3820557398,44.3820557398,100.0
1444906,3160173.0,14.0,60.0,3.0,18000.0,23.28,-2.19495049192,-0.224150491917,-53.9788728765,,,43.6255719265,43.6255719265,100.0
1444907,3160173.0,15.0,60.0,3.0,18000.0,23.28,-2.19495049192,-0.224150491917,-56.2053777642,,0.0,41.7998798377,41.7998798377,100.0
1444908,3160173.0,16.0,60.0,4.0,18000.0,23.28,0.0,-0.224150491917,0.0,0.0,0.0,0.0,0.0,0.0
1558700,3292563.0,1.0,60.0,0.0,16800.0,16.29,-9.37986049104,-7.40906049104,-5.02145378074,-15.8613833217,6.98289641205,105.11091695,105.11091695,100.0
1558701,3292563.0,2.0,60.0,0.0,16800.0,16.29,-9.37986049104,-7.40906049104,-10.2858146016,-20.1529250302,6.51558734236,96.1265035823,96.1265035823,100.0
1558702,3292563.0,3.0,60.0,0.0,16800.0,16.29,-9.37986049104,-7.40906049104,-11.6101462298,-25.5926956012,6.01965577123,93.5978375522,93.5978375522,100.0
1558703,3292563.0,4.0,60.0,0.0,16800.0,16.29,-9.37986049104,-7.40906049104,-9.37795877383,-22.8163999224,5.49288586572,97.319610539,97.319610539,100.0
1558704,3292563.0,5.0,60.0,0.0,16800.0,16.29,-9.37986049104,-7.40906049104,-10.2412336349,-23.9750773159,4.93273045154,95.7793414954,95.7793414954,100.0
1558705,3292563.0,6.0,60.0,0.0,16800.0,16.29,-9.37986049104,-7.40906049104,-8.99951382005,-20.9962393948,4.33650477263,98.1174684898,98.1174684898,100.0
1558706,3292563.0,7.0,60.0,0.0,16800.0,16.29,-9.37986049104,-7.40906049104,-4.70654618629,-17.4440398366,3.70117265804,105.89291368,105.89291368,100.0
1558707,3292563.0,8.0,60.0,0.0,16800.0,16.29,-9.37986049104,-7.40906049104,-7.02535751349,-14.7091870725,3.02338588213,101.402113034,101.402113034,100.0
1558708,3292563.0,9.0,60.0,0.0,16800.0,16.29,-9.37986049104,-7.40906049104,-11.82256458,-25.8335414711,2.29948943244,93.1642451207,93.1642451207,100.0
1558709,3292563.0,10.0,60.0,0.0,16800.0,16.29,-9.37986049104,-7.40906049104,-6.49084600642,-14.8317734966,1.52548568077,102.218233661,102.218233661,100.0
1558710,3292563.0,11.0,60.0,0.0,16800.0,16.29,-9.37986049104,-7.40906049104,-7.48769501564,-15.9182458299,0.696770124294,100.683427546,100.683427546,100.0
1558711,3292563.0,12.0,60.0,0.0,16800.0,16.29,-9.37986049104,-7.40906049104,-14.175500018,-25.3189094908,-0.191532547951,90.7684786534,90.7684786534,100.0
1558712,3292563.0,13.0,60.0,0.0,16800.0,16.29,-9.37986049104,-7.40906049104,-3.66404863577,-12.2358406506,-1.14492769833,106.891834185,106.891834185,100.0
1558713,3292563.0,14.0,60.0,0.0,16800.0,16.29,-9.37986049104,-7.40906049104,-10.4799459123,-22.7915895904,-2.16958237339,95.9464892138,95.9464892138,100.0
1558714,3292563.0,15.0,60.0,0.0,16800.0,16.29,-9.37986049104,-7.40906049104,-8.26424519294,-17.8495442623,-3.27235823182,99.5437758767,99.5437758767,100.0
1558715,3292563.0,16.0,60.0,0.0,16800.0,16.29,-9.37986049104,-7.40906049104,-6.06139191747,-15.0318873065,-4.4607416258,102.931648925,102.931648925,100.0
1558716,3292563.0,17.0,60.0,0.0,16800.0,16.29,-9.37986049104,-7.40906049104,-4.32460255584,-13.8856168474,-5.7432362149,105.768726321,105.768726321,100.0
1558717,3292563.0,18.0,60.0,0.0,16800.0,16.29,-9.37986049104,-7.40906049104,-10.1834620289,-18.4566529172,-7.12921659083,96.8682468613,96.8682468613,100.0
1558718,3292563.0,19.0,60.0,0.0,16800.0,16.29,-9.37986049104,-7.40906049104,-2.84284398416,-10.9645287009,-8.62925536098,107.648832881,107.648832881,100.0
1558719,3292563.0,20.0,60.0,0.0,16800.0,16.29,-9.37986049104,-7.40906049104,-16.4352726922,-28.9029774565,-10.2550319795,87.9926348124,87.9926348124,100.0
1558720,3292563.0,21.0,60.0,0.0,16800.0,16.29,-9.37986049104,-7.40906049104,-15.0736149524,-24.353578876,-12.0196309241,90.6045565836,90.6045565836,100.0
1558721,3292563.0,22.0,60.0,0.0,16800.0,16.29,-9.37986049104,-7.40906049104,-7.83379727024,-14.0579927069,-13.9376274374,100.259914842,100.259914842,100.0
1558722,3292563.0,23.0,60.0,0.0,16800.0,16.29,-9.37986049104,-7.40906049104,-5.80008621191,-11.7464242297,-16.0250966702,102.841264251,102.841264251,100.0
1558723,3292563.0,24.0,60.0,0.0,16800.0,16.29,-9.37986049104,-7.40906049104,-3.88965007991,-9.72795968099,-18.3001162175,105.429284776,105.429284776,100.0
1558724,3292563.0,25.0,60.0,0.0,16800.0,16.29,-9.37986049104,-7.40906049104,-6.25138465002,-10.68130666,-20.7822869377,102.123478942,102.123478942,100.0
1558725,3292563.0,26.0,60.0,0.0,16800.0,16.29,-9.37986049104,-7.40906049104,-5.354124249,-12.5864472909,-23.4933511142,103.504674188,103.504674188,100.0
1558726,3292563.0,27.0,60.0,0.0,16800.0,16.29,-9.37986049104,-7.40906049104,-8.0560019844,-14.9445437609,-26.4567344536,99.9943478009,99.9943478009,100.0
1558727,3292563.0,28.0,60.0,0.0,16800.0,16.29,-9.37986049104,-7.40906049104,-9.54739511669,-16.9717521633,-29.6973667376,98.1448213448,98.1448213448,100.0
1558728,3292563.0,29.0,60.0,0.0,16800.0,16.29,-9.37986049104,-7.40906049104,-5.88074912365,-11.4182163843,-33.2415401804,102.615134601,102.615134601,100.0
1558729,3292563.0,30.0,60.0,0.0,16800.0,16.29,-9.37986049104,-7.40906049104,1.09134413517,-2.05651654728,-37.115243452,111.027562397,111.027562397,100.0
1558730,3292563.0,31.0,60.0,0.0,16800.0,16.29,-9.37986049104,-7.40906049104,-5.055587086,-10.6108947483,-41.3434489282,103.564626735,103.564626735,100.0
1558731,3292563.0,32.0,60.0,0.0,16800.0,16.29,-9.37986049104,-7.40906049104,-2.44687430493,-7.09209050298,-45.9466171087,106.321650588,106.321650588,100.0
1558732,3292563.0,33.0,60.0,0.0,16800.0,16.29,-9.37986049104,-7.40906049104,-3.57819661784,-8.49259518651,-50.9375141964,105.137493036,105.137493036,100.0
1558733,3292563.0,34.0,60.0,0.0,16800.0,16.29,-9.37986049104,-7.40906049104,-8.46448312304,-10.5011864048,-56.3140530701,99.6814543512,99.6814543512,100.0
1558734,3292563.0,35.0,60.0,0.0,16800.0,16.29,-9.37986049104,-7.40906049104,-6.61900384142,-8.95213604018,-62.0508642305,101.515789355,101.515789355,100.0
1558735,3292563.0,36.0,60.0,0.0,16800.0,16.29,-9.37986049104,-7.40906049104,-4.99724196348,-7.53707549008,-68.0855125081,103.127204703,103.127204703,100.0
1558736,3292563.0,37.0,60.0,0.0,16800.0,16.29,-9.37986049104,-7.40906049104,-6.76967213533,-9.58620532842,-74.3011161306,101.289526471,101.289526471,100.0
1558737,3292563.0,38.0,60.0,0.0,16800.0,16.29,-9.37986049104,-7.40906049104,-5.579721367,-8.23959068595,-80.5054897338,102.4251411,102.4251411,100.0
1558738,3292563.0,39.0,60.0,0.0,16800.0,16.29,-9.37986049104,-7.40906049104,-11.5083590887,-13.3527306457,-86.4120115377,97.0030830488,97.0030830488,100.0
1558739,3292563.0,40.0,60.0,0.0,16800.0,16.29,-9.37986049104,-7.40906049104,3.14831539541,2.32203806314,-91.6384970505,109.811965846,109.811965846,100.0
1558740,3292563.0,41.0,60.0,0.0,16800.0,16.29,-9.37986049104,-7.40906049104,-5.40979769755,-6.064345976,-95.7552455218,102.29990675,102.29990675,100.0
1558741,3292563.0,42.0,60.0,0.0,16800.0,16.29,-9.37986049104,-7.40906049104,0.989449035708,1.42838329314,-98.4292657806,107.407152785,107.407152785,100.0
1558742,3292563.0,43.0,60.0,0.0,16800.0,16.29,-9.37986049104,-7.40906049104,0.527577834356,0.910500173084,-99.6699060987,106.612950981,106.612950981,100.0
1558743,3292563.0,44.0,60.0,0.0,16800.0,16.29,-9.37986049104,-7.40906049104,-0.831748743223,0.0168511627041,-99.9779691619,105.184559459,105.184559459,100.0
1558744,3292563.0,45.0,60.0,0.0,16800.0,16.29,-9.37986049104,-7.40906049104,3.1561998553,4.5403014451,-99.9999153613,107.486935756,107.486935756,100.0
1558745,3292563.0,46.0,60.0,0.0,16800.0,16.29,-9.37986049104,-7.40906049104,-3.71424403288,0.346065734724,0.0,102.84563898,102.84563898,100.0
1558746,3292563.0,47.0,60.0,0.0,16800.0,16.29,0.0,-7.40906049104,0.0,0.0,0.0,0.0,0.0,0.0
2069494,4289908.0,1.0,60.0,0.0,19500.0,22.95,12.887886313,14.858686313,17.0154869141,13.891311231,25.5247769204,103.207091345,103.207091345,100.0
2069495,4289908.0,2.0,60.0,0.0,19500.0,22.95,12.887886313,14.858686313,16.9773938742,11.7825467012,25.5248212643,103.420473608,103.420473608,100.0
2069496,4289908.0,3.0,60.0,0.0,19500.0,22.95,12.887886313,14.858686313,7.98922194999,4.62392571817,25.5247758224,93.6820501631,93.6820501631,100.0
2069497,4289908.0,4.0,60.0,0.0,19500.0,22.95,12.887886313,14.858686313,13.5437383842,7.60412326755,25.5247907226,99.0381621525,99.0381621525,100.0
2069498,4289908.0,5.0,60.0,0.0,19500.0,22.95,12.887886313,14.858686313,13.9794386607,9.13764599636,25.5248275962,99.6113591497,99.6113591497,100.0
2069499,4289908.0,6.0,60.0,0.0,19500.0,22.95,12.887886313,14.858686313,14.2101525089,8.99856633516,25.5248256055,99.8719083276,99.8719083276,100.0
2069500,4289908.0,7.0,60.0,0.0,19500.0,22.95,12.887886313,14.858686313,16.3410895851,12.2638400679,25.5247786485,102.516369886,102.516369886,100.0
2069501,4289908.0,8.0,60.0,0.0,19500.0,22.95,12.887886313,14.858686313,13.2781317853,7.50708233783,25.5247613818,98.677180116,98.677180116,100.0
2069502,4289908.0,9.0,60.0,0.0,19500.0,22.95,12.887886313,14.858686313,14.3910575459,9.2102753662,25.5247597914,100.099278464,100.099278464,100.0
2069503,4289908.0,10.0,60.0,0.0,19500.0,22.95,12.887886313,14.858686313,16.9480952089,13.3034070316,25.5248560938,103.195980256,103.195980256,100.0
2069504,4289908.0,11.0,60.0,0.0,19500.0,22.95,12.887886313,14.858686313,12.7174080352,7.35880650201,25.5247508803,98.2488064104,98.2488064104,100.0
2069505,4289908.0,12.0,60.0,0.0,19500.0,22.95,12.887886313,14.858686313,18.4017414323,14.6336568422,25.5248773551,105.05085305,105.05085305,100.0
2069506,4289908.0,13.0,60.0,0.0,19500.0,22.95,12.887886313,14.858686313,14.4644712621,9.77245161114,25.5248427273,100.203681883,100.203681883,100.0
2069507,4289908.0,14.0,60.0,0.0,19500.0,22.95,12.887886313,14.858686313,14.4684048409,9.32142834406,25.5247791392,100.198837162,100.198837162,100.0
2069508,4289908.0,15.0,60.0,0.0,19500.0,22.95,12.887886313,14.858686313,11.5488350195,6.07534471177,25.5249441569,97.0438873535,97.0438873535,100.0
2069509,4289908.0,16.0,60.0,0.0,19500.0,22.95,12.887886313,14.858686313,10.2621604563,4.85490347071,25.5250907343,95.8707997451,95.8707997451,100.0
2069510,4289908.0,17.0,60.0,0.0,19500.0,22.95,12.887886313,14.858686313,11.050505593,5.1763142072,0.0,96.421896736,96.421896736,100.0
2069511,4289908.0,18.0,60.0,5.0,19500.0,22.95,0.0,14.858686313,0.0,0.0,0.0,0.0,0.0,0.0
2527774,5624593.0,1.0,60.0,0.0,30225.0,22.47,-10.3459696022,-8.37516960216,6.75420439817,-4.29571767731,10.0739984122,131.366688288,131.366688288,100.0
2527775,5624593.0,2.0,60.0,0.0,30225.0,22.47,-10.3459696022,-8.37516960216,-4.54318311103,-20.2101915168,9.3565716059,107.922388467,107.922388467,100.0
2527776,5624593.0,3.0,60.0,0.0,30225.0,22.47,-10.3459696022,-8.37516960216,-7.92429294767,-23.9363968124,8.59267103174,101.621263192,101.621263192,100.0
2527777,5624593.0,4.0,60.0,0.0,30225.0,22.47,-10.3459696022,-8.37516960216,-5.23980912966,-16.8347889232,7.77848956117,105.84893236,105.84893236,100.0
2527778,5624593.0,5.0,60.0,0.0,30225.0,22.47,-10.3459696022,-8.37516960216,-2.66993601693,-13.39574178,6.90979100473,109.971767415,109.971767415,100.0
2527779,5624593.0,6.0,60.0,0.0,30225.0,22.47,-10.3459696022,-8.37516960216,-0.838656933904,-15.9154433723,5.98193444999,115.242917016,115.242917016,100.0
2527780,5624593.0,7.0,60.0,0.0,30225.0,22.47,-10.3459696022,-8.37516960216,-3.50726072038,-17.7045438544,4.98982875414,109.460998536,109.460998536,100.0
2527781,5624593.0,8.0,60.0,0.0,30225.0,22.47,-10.3459696022,-8.37516960216,-1.91317505215,-15.024526241,3.92785647956,111.96715532,111.96715532,100.0
2527782,5624593.0,9.0,60.0,0.0,30225.0,22.47,-10.3459696022,-8.37516960216,-4.08165102437,-19.4381599187,2.78978858234,108.362148998,108.362148998,100.0
2527783,5624593.0,10.0,60.0,0.0,30225.0,22.47,-10.3459696022,-8.37516960216,-6.57881978413,-21.0085806712,1.56879517254,103.705267732,103.705267732,100.0
2527784,5624593.0,11.0,60.0,0.0,30225.0,22.47,-10.3459696022,-8.37516960216,0.514422247197,-11.1999703028,0.257270464898,115.686160313,115.686160313,100.0
2527785,5624593.0,12.0,60.0,0.0,30225.0,22.47,-10.3459696022,-8.37516960216,-5.55416493582,-18.4365424155,-1.15311383244,105.368140824,105.368140824,100.0
2527786,5624593.0,13.0,60.0,0.0,30225.0,22.47,-10.3459696022,-8.37516960216,-1.67724944421,-11.1032022116,-2.67165558286,110.759914902,110.759914902,100.0
2527787,5624593.0,14.0,60.0,0.0,30225.0,22.47,-10.3459696022,-8.37516960216,-4.23059065377,-17.855612146,-4.3085200874,107.64511316,107.64511316,100.0
2527788,5624593.0,15.0,60.0,0.0,30225.0,22.47,-10.3459696022,-8.37516960216,-10.1006446251,-25.6256392553,-6.07506153989,98.1561720677,98.1561720677,100.0
2527789,5624593.0,16.0,60.0,0.0,30225.0,22.47,-10.3459696022,-8.37516960216,-2.76594582073,-16.4817638673,-7.9836908278,109.718894171,109.718894171,100.0
2527790,5624593.0,17.0,60.0,0.0,30225.0,22.47,-10.3459696022,-8.37516960216,-1.70977523541,-13.4482727108,-10.0481756416,111.214828313,111.214828313,100.0
2527791,5624593.0,18.0,60.0,0.0,30225.0,22.47,-10.3459696022,-8.37516960216,-1.255115558,-11.8703489039,-12.2835133819,111.815751328,111.815751328,100.0
2527792,5624593.0,19.0,60.0,0.0,30225.0,22.47,-10.3459696022,-8.37516960216,-4.8592874773,-16.1934667084,-14.7062424486,105.988294246,105.988294246,100.0
2527793,5624593.0,20.0,60.0,0.0,30225.0,22.47,-10.3459696022,-8.37516960216,-6.94537206187,-17.4219104416,-17.3342499549,102.803728874,102.803728874,100.0
2527794,5624593.0,21.0,60.0,0.0,30225.0,22.47,-10.3459696022,-8.37516960216,-0.502130985969,-10.0919611912,-20.1868261842,112.251882996,112.251882996,100.0
2527795,5624593.0,22.0,60.0,0.0,30225.0,22.47,-10.3459696022,-8.37516960216,0.652918191816,-7.85026289564,-23.2845599496,113.162220716,113.162220716,100.0
2527796,5624593.0,23.0,60.0,0.0,30225.0,22.47,-10.3459696022,-8.37516960216,-2.56576729453,-12.8452144323,-26.6489394899,108.604048624,108.604048624,100.0
2527797,5624593.0,24.0,60.0,0.0,30225.0,22.47,-10.3459696022,-8.37516960216,-7.05131989725,-15.8098639925,-30.3019496974,102.472003341,102.472003341,100.0
2527798,5624593.0,25.0,60.0,0.0,30225.0,22.47,-10.3459696022,-8.37516960216,-1.18328339799,-7.13857410864,-34.2649643285,109.689968154,109.689968154,100.0
2527799,5624593.0,26.0,60.0,0.0,30225.0,22.47,-10.3459696022,-8.37516960216,1.97219232015,-5.13716525313,-38.5576276846,114.011065895,114.011065895,100.0
2527800,5624593.0,27.0,60.0,0.0,30225.0,22.47,-10.3459696022,-8.37516960216,-5.04364483209,-14.2827786008,-43.1952965918,105.058379721,105.058379721,100.0
2527801,5624593.0,28.0,60.0,0.0,30225.0,22.47,-10.3459696022,-8.37516960216,-5.74245912625,-15.9090791355,-48.1859705446,104.150878401,104.150878401,100.0
2527802,5624593.0,29.0,60.0,0.0,30225.0,22.47,-10.3459696022,-8.37516960216,-3.39726374568,-10.6727627351,-53.5253249421,106.708524574,106.708524574,100.0
2527803,5624593.0,30.0,60.0,0.0,30225.0,22.47,-10.3459696022,-8.37516960216,-2.69269332459,-10.5376953123,-59.1898361255,107.828506054,107.828506054,100.0
2527804,5624593.0,31.0,60.0,0.0,30225.0,22.47,-10.3459696022,-8.37516960216,-5.90989722309,-12.25850017,-65.1271106044,103.574337452,103.574337452,100.0
2527805,5624593.0,32.0,60.0,0.0,30225.0,22.47,-10.3459696022,-8.37516960216,-1.51476723636,-7.95443129597,-71.2434507245,108.2661338,108.2661338,100.0
2527806,5624593.0,33.0,60.0,0.0,30225.0,22.47,-10.3459696022,-8.37516960216,1.88987792851,-2.1177263125,-77.3889850861,111.913177909,111.913177909,100.0
2527807,5624593.0,34.0,60.0,0.0,30225.0,22.47,-10.3459696022,-8.37516960216,-2.44413506498,-8.5609085827,-83.3432745023,106.892235731,106.892235731,100.0
2527808,5624593.0,35.0,60.0,0.0,30225.0,22.47,-10.3459696022,-8.37516960216,-0.735358371003,-6.52250946279,-88.8091690209,108.736783592,108.736783592,100.0
2527809,5624593.0,36.0,60.0,0.0,30225.0,22.47,-10.3459696022,-8.37516960216,-0.840583025034,-3.19502228921,-93.4314029455,107.838564953,107.838564953,100.0
2527810,5624593.0,37.0,60.0,0.0,30225.0,22.47,-10.3459696022,-8.37516960216,-6.88178374486,-9.48511671094,-96.8677704078,102.074176885,102.074176885,100.0
2527811,5624593.0,38.0,60.0,0.0,30225.0,22.47,-10.3459696022,-8.37516960216,-0.144330693398,-2.04255945794,-98.9369091038,108.042910192,108.042910192,100.0
2527812,5624593.0,39.0,60.0,0.0,30225.0,22.47,-10.3459696022,-8.37516960216,2.61911558558,0.739159155069,-99.8031313035,110.116834868,110.116834868,100.0
2527813,5624593.0,40.0,60.0,0.0,30225.0,22.47,-10.3459696022,-8.37516960216,-7.1033152488,-9.12998330225,-99.9892689612,101.650544407,101.650544407,100.0
2527814,5624593.0,41.0,60.0,0.0,30225.0,22.47,-10.3459696022,-8.37516960216,-9.72139128507,-9.84239305735,-99.9999718165,99.5536862555,99.5536862555,100.0
2527815,5624593.0,42.0,60.0,0.0,30225.0,22.47,-10.3459696022,-8.37516960216,-0.2557474316,-0.27265739456,0.0,106.990353259,106.990353259,100.0
2527816,5624593.0,43.0,60.0,0.0,30225.0,22.47,0.0,-8.37516960216,0.0,0.0,0.0,0.0,0.0,0.0
2639113,5765769.0,1.0,60.0,0.0,4800.0,17.77,-9.33162345113,-7.36082345113,-13.3084661772,-17.0382029241,19.4099033663,93.3732447261,93.3732447261,100.0
2639114,5765769.0,2.0,60.0,0.0,4800.0,17.77,-9.33162345113,-7.36082345113,-10.988033443,-18.4985147083,19.4178250078,95.6730778812,95.6730778812,100.0
2639115,5765769.0,3.0,60.0,0.0,4800.0,17.77,-9.33162345113,-7.36082345113,-9.42862277746,-15.8472170646,19.4267616292,97.8762604168,97.8762604168,100.0
2639116,5765769.0,4.0,60.0,0.0,4800.0,17.77,-9.33162345113,-7.36082345113,-17.0326679264,-25.7426884132,19.436863142,87.3803675491,87.3803675491,100.0
2639117,5765769.0,5.0,60.0,0.0,4800.0,17.77,-9.33162345113,-7.36082345113,-5.79661466928,-13.9012006575,19.4480752328,103.183990523,103.183990523,100.0
2639118,5765769.0,6.0,60.0,0.0,4800.0,17.77,-9.33162345113,-7.36082345113,-13.6284323035,-22.4908482301,19.4608294289,92.1530486508,92.1530486508,100.0
2639119,5765769.0,7.0,60.0,0.0,4800.0,17.77,-9.33162345113,-7.36082345113,-9.22678336373,-19.3317639531,19.475402865,98.0177582703,98.0177582703,100.0
2639120,5765769.0,8.0,60.0,0.0,4800.0,17.77,-9.33162345113,-7.36082345113,-12.1620397604,-18.098875077,19.4918224205,94.5584061152,94.5584061152,100.0
2639121,5765769.0,9.0,60.0,0.0,4800.0,17.77,-9.33162345113,-7.36082345113,-11.7514756196,-19.4285194505,19.5108628088,94.7837896493,94.7837896493,100.0
2639122,5765769.0,10.0,60.0,0.0,4800.0,17.77,-9.33162345113,-7.36082345113,-6.15555707259,-13.5662464725,19.5334491132,102.520552756,102.520552756,100.0
2639123,5765769.0,11.0,60.0,0.0,4800.0,17.77,-9.33162345113,-7.36082345113,-5.91654469756,-10.8418310056,19.5600996751,102.593519433,102.593519433,100.0
2639124,5765769.0,12.0,60.0,0.0,4800.0,17.77,-9.33162345113,-7.36082345113,-12.4682770365,-15.5122582146,19.5923547496,94.9802599894,94.9802599894,100.0
2639125,5765769.0,13.0,60.0,0.0,4800.0,17.77,-9.33162345113,-7.36082345113,-12.4405746374,-14.895139512,19.6319895853,95.0804007178,95.0804007178,100.0
2639126,5765769.0,14.0,60.0,0.0,4800.0,17.77,-9.33162345113,-7.36082345113,-10.2552634365,-15.4016517317,19.682195665,97.1683533097,97.1683533097,100.0
2639127,5765769.0,15.0,60.0,0.0,4800.0,17.77,-9.33162345113,-7.36082345113,0.0313759471032,-2.22799234237,19.7468414076,109.496727652,109.496727652,100.0
2639128,5765769.0,16.0,60.0,0.0,4800.0,17.77,-9.33162345113,-7.36082345113,-8.81266069062,-15.7747194639,19.8345347961,98.8858772749,98.8858772749,100.0
2639129,5765769.0,17.0,60.0,0.0,4800.0,17.77,-9.33162345113,-7.36082345113,-9.51930599394,-18.3318749579,19.9585015587,97.8410958134,97.8410958134,100.0
2639130,5765769.0,18.0,60.0,0.0,4800.0,17.77,-9.33162345113,-7.36082345113,-10.8133038365,-14.5631634611,20.1479667576,96.6204299365,96.6204299365,100.0
2639131,5765769.0,19.0,60.0,0.0,4800.0,17.77,-9.33162345113,-7.36082345113,-8.71121895497,-15.9289272038,20.4723068766,99.07020922,99.07020922,100.0
2639132,5765769.0,20.0,60.0,0.0,4800.0,17.77,-9.33162345113,-7.36082345113,-7.59194432961,-15.7135297661,21.1566029903,100.501357899,100.501357899,100.0
2639133,5765769.0,21.0,60.0,0.0,4800.0,17.77,-9.33162345113,-7.36082345113,-13.9930288333,-16.3678375843,0.0,93.5995134991,93.5995134991,100.0
2639134,5765769.0,22.0,60.0,5.0,4800.0,17.77,0.0,-7.36082345113,0.0,0.0,0.0,0.0,0.0,0.0
3262804,6706121.0,1.0,60.0,0.0,33600.0,21.6,2.8156906901,4.7864906901,6.4013417864,0.223772347268,23.8849120687,102.871729802,102.871729802,100.0
3262805,6706121.0,2.0,60.0,0.0,33600.0,21.6,2.8156906901,4.7864906901,5.76467360008,-2.82915456419,23.886291435,102.226663632,102.226663632,100.0
3262806,6706121.0,3.0,60.0,0.0,33600.0,21.6,2.8156906901,4.7864906901,6.13430237605,-1.9195209167,23.8879370561,102.672385052,102.672385052,100.0
3262807,6706121.0,4.0,60.0,0.0,33600.0,21.6,2.8156906901,4.7864906901,6.27947786428,2.20567694668,23.8899717998,102.500142274,102.500142274,100.0
3262808,6706121.0,5.0,60.0,0.0,33600.0,21.6,2.8156906901,4.7864906901,0.617505125731,-8.09049015071,23.8925675222,95.0962287973,95.0962287973,100.0
3262809,6706121.0,6.0,60.0,0.0,33600.0,21.6,2.8156906901,4.7864906901,9.5013039798,3.53620737979,23.8958334699,107.181144555,107.181144555,100.0
3262810,6706121.0,7.0,60.0,0.0,33600.0,21.6,2.8156906901,4.7864906901,10.1992271339,5.25134009526,23.9001925772,108.213132602,108.213132602,100.0
3262811,6706121.0,8.0,60.0,0.0,33600.0,21.6,2.8156906901,4.7864906901,13.6576807518,8.76508161829,23.9063849251,113.848420897,113.848420897,100.0
3262812,6706121.0,9.0,60.0,0.0,33600.0,21.6,2.8156906901,4.7864906901,13.2318950792,7.68499833619,23.9156096211,112.472693803,112.472693803,100.0
3262813,6706121.0,10.0,60.0,0.0,33600.0,21.6,2.8156906901,4.7864906901,11.0943353317,7.38896099169,23.9309712279,108.805862296,108.805862296,100.0
3262814,6706121.0,11.0,60.0,0.0,33600.0,21.6,2.8156906901,4.7864906901,9.77822223861,6.12620029872,23.9619853292,106.831388406,106.831388406,100.0
3262815,6706121.0,12.0,60.0,0.0,33600.0,21.6,2.8156906901,4.7864906901,2.87412820875,-3.49789058122,0.0,98.4407265446,98.4407265446,100.0
3262816,6706121.0,13.0,60.0,5.0,33600.0,21.6,0.0,4.7864906901,0.0,0.0,0.0,0.0,0.0,0.0
3668538,7369931.0,1.0,60.0,0.0,14500.0,9.99,3.58276589357,5.55356589357,6.03168447123,3.49983088047,-9.72808482913,101.609545938,101.609545938,100.0
3668539,7369931.0,2.0,60.0,0.0,14500.0,9.99,3.58276589357,5.55356589357,3.83513191372,-0.65218757606,-10.6286442779,97.8646241761,97.8646241761,100.0
3668540,7369931.0,3.0,60.0,0.0,14500.0,9.99,3.58276589357,5.55356589357,3.25432634241,-0.198076662485,-11.5857020787,97.0543324017,97.0543324017,100.0
3668541,7369931.0,4.0,60.0,0.0,14500.0,9.99,3.58276589357,5.55356589357,2.80698697273,-1.6664778504,-12.6037812898,96.3639856985,96.3639856985,100.0
3668542,7369931.0,5.0,60.0,0.0,14500.0,9.99,3.58276589357,5.55356589357,5.37185404957,1.79756700238,-13.6878654227,100.454783383,100.454783383,100.0
3668543,7369931.0,6.0,60.0,0.0,14500.0,9.99,3.58276589357,5.55356589357,2.3023786242,-3.57175569602,-14.8432809598,95.480125482,95.480125482,100.0
3668544,7369931.0,7.0,60.0,0.0,14500.0,9.99,3.58276589357,5.55356589357,2.57423450414,-1.81425716913,-16.0759757993,96.045356588,96.045356588,100.0
3668545,7369931.0,8.0,60.0,0.0,14500.0,9.99,3.58276589357,5.55356589357,2.66898818674,-2.43274694961,-17.3923660828,96.0847324306,96.0847324306,100.0
3668546,7369931.0,9.0,60.0,0.0,14500.0,9.99,3.58276589357,5.55356589357,4.75994360407,2.01345518905,-18.7995045985,99.5473966837,99.5473966837,100.0
3668547,7369931.0,10.0,60.0,0.0,14500.0,9.99,3.58276589357,5.55356589357,5.86000321316,2.66797487637,-20.3050437573,101.289555618,101.289555618,100.0
3668548,7369931.0,11.0,60.0,0.0,14500.0,9.99,3.58276589357,5.55356589357,5.52095483968,2.37940337655,-21.9174148662,100.745894897,100.745894897,100.0
3668549,7369931.0,12.0,60.0,0.0,14500.0,9.99,3.58276589357,5.55356589357,7.01930763278,4.36366507893,-23.6455977213,103.150908854,103.150908854,100.0
3668550,7369931.0,13.0,60.0,0.0,14500.0,9.99,3.58276589357,5.55356589357,6.417213101,3.27123037656,-25.4995674978,102.168275282,102.168275282,100.0
3668551,7369931.0,14.0,60.0,0.0,14500.0,9.99,3.58276589357,5.55356589357,5.65047136606,3.12694300824,-27.4899456176,100.906834953,100.906834953,100.0
3668552,7369931.0,15.0,60.0,0.0,14500.0,9.99,3.58276589357,5.55356589357,3.27907863669,0.54972417475,-29.6281302769,97.773181594,97.773181594,100.0
3668553,7369931.0,16.0,60.0,0.0,14500.0,9.99,3.58276589357,5.55356589357,4.83769285574,2.49694888463,-31.9263068805,99.7553144596,99.7553144596,100.0
3668554,7369931.0,17.0,60.0,0.0,14500.0,9.99,3.58276589357,5.55356589357,4.01440089263,-0.0629829489421,-34.3972517927,98.5789621414,98.5789621414,100.0
3668555,7369931.0,18.0,60.0,0.0,14500.0,9.99,3.58276589357,5.55356589357,3.20313886375,-0.197807185031,-37.0543099824,97.5792928273,97.5792928273,100.0
3668556,7369931.0,19.0,60.0,0.0,14500.0,9.99,3.58276589357,5.55356589357,3.16673195701,-1.02747107882,-39.9107829234,97.5283268129,97.5283268129,100.0
3668557,7369931.0,20.0,60.0,0.0,14500.0,9.99,3.58276589357,5.55356589357,4.19000719369,1.05641666055,-42.9799402887,98.9736072147,98.9736072147,100.0
3668558,7369931.0,21.0,60.0,0.0,14500.0,9.99,3.58276589357,5.55356589357,6.0053569905,4.21980954817,-46.2738320815,101.341396132,101.341396132,100.0
3668559,7369931.0,22.0,60.0,0.0,14500.0,9.99,3.58276589357,5.55356589357,6.72925873605,4.66999203256,-49.802563801,102.380554788,102.380554788,100.0
3668560,7369931.0,23.0,60.0,0.0,14500.0,9.99,3.58276589357,5.55356589357,4.07133119272,-0.133450079974,-53.5726702958,98.7891689742,98.7891689742,100.0
3668561,7369931.0,24.0,60.0,0.0,14500.0,9.99,3.58276589357,5.55356589357,6.00283923205,4.09567129376,-57.5848454974,101.297802828,101.297802828,100.0
3668562,7369931.0,25.0,60.0,0.0,14500.0,9.99,3.58276589357,5.55356589357,4.74147314394,1.80826181979,-61.8311956615,99.7458062133,99.7458062133,100.0
3668563,7369931.0,26.0,60.0,0.0,14500.0,9.99,3.58276589357,5.55356589357,7.80037487463,6.64553500478,-66.2908021644,103.412779311,103.412779311,100.0
3668564,7369931.0,27.0,60.0,0.0,14500.0,9.99,3.58276589357,5.55356589357,7.53358157247,6.30857216257,-70.92460092,103.062230422,103.062230422,100.0
3668565,7369931.0,28.0,60.0,0.0,14500.0,9.99,3.58276589357,5.55356589357,5.39485071524,3.36865959344,-75.6682511615,100.52117626,100.52117626,100.0
3668566,7369931.0,29.0,60.0,0.0,14500.0,9.99,3.58276589357,5.55356589357,5.85204830139,3.82491072279,-80.4245163063,101.044065927,101.044065927,100.0
3668567,7369931.0,30.0,60.0,0.0,14500.0,9.99,3.58276589357,5.55356589357,3.39322060318,0.503455260609,-85.0555946893,98.3062793205,98.3062793205,100.0
3668568,7369931.0,31.0,60.0,0.0,14500.0,9.99,3.58276589357,5.55356589357,3.80127842297,1.26331908745,-89.3791715285,98.8396262003,98.8396262003,100.0
3668569,7369931.0,32.0,60.0,0.0,14500.0,9.99,3.58276589357,5.55356589357,5.6179595248,4.28446951374,-93.175224808,100.749203276,100.749203276,100.0
3668570,7369931.0,33.0,60.0,0.0,14500.0,9.99,3.58276589357,5.55356589357,9.13159429649,8.60632902601,-96.2147456495,104.17673239,104.17673239,100.0
3668571,7369931.0,34.0,60.0,0.0,14500.0,9.99,3.58276589357,5.55356589357,4.91191912863,3.6600064452,-98.3244125202,100.039305346,100.039305346,100.0
3668572,7369931.0,35.0,60.0,0.0,14500.0,9.99,3.58276589357,5.55356589357,4.8111641289,2.94333057361,-99.4864310423,99.9493024864,99.9493024864,100.0
3668573,7369931.0,36.0,60.0,0.0,14500.0,9.99,3.58276589357,5.55356589357,7.13769063099,6.25899838718,-99.9180179822,102.129290913,102.129290913,100.0
3668574,7369931.0,37.0,60.0,0.0,14500.0,9.99,3.58276589357,5.55356589357,8.33170415233,7.64790138819,-99.9964757227,103.113093183,103.113093183,100.0
3668575,7369931.0,38.0,60.0,0.0,14500.0,9.99,3.58276589357,5.55356589357,7.61426373038,6.97851986792,-99.9999940892,102.355292072,102.355292072,100.0
3668576,7369931.0,39.0,60.0,0.0,14500.0,9.99,3.58276589357,5.55356589357,7.47008215617,7.05360110561,0.0,102.092038488,102.092038488,100.0
3668577,7369931.0,40.0,60.0,0.0,14500.0,9.99,0.0,5.55356589357,0.0,0.0,0.0,0.0,0.0,0.0
3831594,7666011.0,1.0,60.0,0.0,10000.0,23.4,15.0504707538,17.0212707538,17.3744262707,11.8516341675,-48.9642032633,101.14928189,101.14928189,100.0
3831595,7666011.0,2.0,60.0,0.0,10000.0,23.4,15.0504707538,17.0212707538,13.0688743098,6.85115413489,-53.0823288166,95.7210181808,95.7210181808,100.0
3831596,7666011.0,3.0,60.0,0.0,10000.0,23.4,15.0504707538,17.0212707538,15.1637396526,9.91165362886,-57.3906625884,98.2740882128,98.2740882128,100.0
3831597,7666011.0,4.0,60.0,0.0,10000.0,23.4,15.0504707538,17.0212707538,18.4601135704,14.6040623586,-61.8693128959,102.589260763,102.589260763,100.0
3831598,7666011.0,5.0,60.0,0.0,10000.0,23.4,15.0504707538,17.0212707538,13.6352892212,5.65666569175,-66.4859572618,96.1319570119,96.1319570119,100.0
3831599,7666011.0,6.0,60.0,0.0,10000.0,23.4,15.0504707538,17.0212707538,17.3528001768,13.7258076573,-71.1921691317,101.049664766,101.049664766,100.0
3831600,7666011.0,7.0,60.0,0.0,10000.0,23.4,15.0504707538,17.0212707538,16.49119313,11.3994622282,-75.9189862714,99.9583082188,99.9583082188,100.0
3831601,7666011.0,8.0,60.0,0.0,10000.0,23.4,15.0504707538,17.0212707538,14.248243327,7.19905374579,-80.5729482891,97.1320164253,97.1320164253,100.0
3831602,7666011.0,9.0,60.0,0.0,10000.0,23.4,15.0504707538,17.0212707538,14.5522962018,8.18605615868,-85.0331898521,97.6287439131,97.6287439131,100.0
3831603,7666011.0,10.0,60.0,0.0,10000.0,23.4,15.0504707538,17.0212707538,13.1852129121,4.41357735366,-89.1518737591,95.5560276572,95.5560276572,100.0
3831604,7666011.0,11.0,60.0,0.0,10000.0,23.4,15.0504707538,17.0212707538,14.5826978322,8.02724026975,-92.7622877242,97.7118840166,97.7118840166,100.0
3831605,7666011.0,12.0,60.0,0.0,10000.0,23.4,15.0504707538,17.0212707538,20.0675518582,17.1871097779,-95.6998074222,104.409201223,104.409201223,100.0
3831606,7666011.0,13.0,60.0,0.0,10000.0,23.4,15.0504707538,17.0212707538,18.5368060835,14.3897594486,-97.8412174035,102.624973804,102.624973804,100.0
3831607,7666011.0,14.0,60.0,0.0,10000.0,23.4,15.0504707538,17.0212707538,14.2151566229,8.55108396263,-99.1615390582,97.2999051272,97.2999051272,100.0
3831608,7666011.0,15.0,60.0,0.0,10000.0,23.4,15.0504707538,17.0212707538,16.0925845029,12.2709189082,-99.7851372282,99.5990067131,99.5990067131,100.0
3831609,7666011.0,16.0,60.0,0.0,10000.0,23.4,15.0504707538,17.0212707538,16.103497132,11.7414003322,-99.9735624331,99.6218422634,99.6218422634,100.0
3831610,7666011.0,17.0,60.0,0.0,10000.0,23.4,15.0504707538,17.0212707538,12.7449757469,7.46441627369,-99.9992499823,95.9848129848,95.9848129848,100.0
3831611,7666011.0,18.0,60.0,0.0,10000.0,23.4,15.0504707538,17.0212707538,19.7309181142,17.3447906518,-99.999999426,103.60361281,103.60361281,100.0
3831612,7666011.0,19.0,60.0,0.0,10000.0,23.4,15.0504707538,17.0212707538,17.8516130135,15.1241376588,-100.0,101.50946476,101.50946476,100.0
3831613,7666011.0,20.0,60.0,0.0,10000.0,23.4,15.0504707538,17.0212707538,-23.9723717919,-42.5600562422,,59.5419774158,59.5419774158,100.0
3831614,7666011.0,21.0,60.0,1.0,10000.0,23.4,15.0504707538,17.0212707538,-17.104390119,,,64.970904304,64.970904304,100.0
3831615,7666011.0,22.0,60.0,2.0,10000.0,23.4,15.0504707538,17.0212707538,-27.7643158579,,,54.6809701481,54.6809701481,100.0
3831616,7666011.0,23.0,60.0,3.0,10000.0,23.4,15.0504707538,17.0212707538,-21.0829762377,,,62.0574697757,62.0574697757,100.0
3831617,7666011.0,24.0,60.0,3.0,10000.0,23.4,15.0504707538,17.0212707538,-15.8105341515,-29.9731799999,0.0,67.1849295361,67.1849295361,100.0
3831618,7666011.0,25.0,60.0,4.0,10000.0,23.4,0.0,17.0212707538,0.0,0.0,0.0,0.0,0.0,0.0
4247759,8666889.0,1.0,60.0,0.0,18000.0,25.57,23.6830801408,25.6538801408,18.9411018023,14.4095726148,28.7959086413,93.0468225913,93.0468225913,100.0
4247760,8666889.0,2.0,60.0,0.0,18000.0,25.57,23.6830801408,25.6538801408,21.020802437,17.6595440059,28.7975371194,95.421793202,95.421793202,100.0
4247761,8666889.0,3.0,60.0,0.0,18000.0,25.57,23.6830801408,25.6538801408,24.3315585498,21.6395478523,28.8005837422,98.9622709662,98.9622709662,100.0
4247762,8666889.0,4.0,60.0,0.0,18000.0,25.57,23.6830801408,25.6538801408,24.0568599075,22.3116820414,28.8071421513,98.7779365831,98.7779365831,100.0
4247763,8666889.0,5.0,60.0,0.0,18000.0,25.57,23.6830801408,25.6538801408,19.5370776112,14.1161077741,28.8339466775,93.6124762109,93.6124762109,100.0
4247764,8666889.0,6.0,60.0,0.0,18000.0,25.57,23.6830801408,25.6538801408,22.1472236775,19.3687442179,28.9369198038,96.761086091,96.761086091,100.0
4247765,8666889.0,7.0,60.0,0.0,18000.0,25.57,23.6830801408,25.6538801408,21.1222665606,15.8322623279,29.0645766301,95.1390731343,95.1390731343,100.0
4247766,8666889.0,8.0,60.0,0.0,18000.0,25.57,23.6830801408,25.6538801408,21.2390753536,16.8974191386,29.5037658864,95.53779903,95.53779903,100.0
4247767,8666889.0,9.0,60.0,0.0,18000.0,25.57,23.6830801408,25.6538801408,24.5841076026,22.8046562712,0.0,99.4468012105,99.4468012105,100.0
4247768,8666889.0,10.0,60.0,5.0,18000.0,25.57,0.0,25.6538801408,0.0,0.0,0.0,0.0,0.0,0.0
4427079,9027681.0,1.0,60.0,0.0,16000.0,15.61,10.2285902259,12.1993902259,8.52655653782,3.31017436112,-7.82003667888,94.9357458499,94.9357458499,100.0
4427080,9027681.0,2.0,60.0,0.0,16000.0,15.61,10.2285902259,12.1993902259,13.0152856317,9.82379150094,-8.99420305783,102.112966955,102.112966955,100.0
4427081,9027681.0,3.0,60.0,0.0,16000.0,15.61,10.2285902259,12.1993902259,15.3528941483,14.5488623305,-10.2442405542,106.013001342,106.013001342,100.0
4427082,9027681.0,4.0,60.0,0.0,16000.0,15.61,10.2285902259,12.1993902259,10.6270061861,5.79524493292,-11.5762050282,98.2274755722,98.2274755722,100.0
4427083,9027681.0,5.0,60.0,0.0,16000.0,15.61,10.2285902259,12.1993902259,13.4754250255,11.5153043457,-12.9965959515,102.75742501,102.75742501,100.0
4427084,9027681.0,6.0,60.0,0.0,16000.0,15.61,10.2285902259,12.1993902259,11.7064361864,7.79989340128,-14.512584169,99.9176870453,99.9176870453,100.0
4427085,9027681.0,7.0,60.0,0.0,16000.0,15.61,10.2285902259,12.1993902259,12.8211448436,9.1297619897,-16.1317722536,101.734900263,101.734900263,100.0
4427086,9027681.0,8.0,60.0,0.0,16000.0,15.61,10.2285902259,12.1993902259,11.9820002306,7.76148458561,-17.8624564676,100.386006245,100.386006245,100.0
4427087,9027681.0,9.0,60.0,0.0,16000.0,15.61,10.2285902259,12.1993902259,12.2517316886,8.48630005315,-19.7135703426,100.782855394,100.782855394,100.0
4427088,9027681.0,10.0,60.0,0.0,16000.0,15.61,10.2285902259,12.1993902259,12.8540731927,9.56378256314,-21.6946915227,101.701687507,101.701687507,100.0
4427089,9027681.0,11.0,60.0,0.0,16000.0,15.61,10.2285902259,12.1993902259,11.9312129403,7.89601168069,-23.8159844221,100.318641515,100.318641515,100.0
4427090,9027681.0,12.0,60.0,0.0,16000.0,15.61,10.2285902259,12.1993902259,11.4716644105,6.93917640866,-26.0882418428,99.5854536391,99.5854536391,100.0
4427091,9027681.0,13.0,60.0,0.0,16000.0,15.61,10.2285902259,12.1993902259,12.4669392642,9.46807932878,-28.5227561919,101.151091846,101.151091846,100.0
4427092,9027681.0,14.0,60.0,0.0,16000.0,15.61,10.2285902259,12.1993902259,11.9039880854,8.50470948153,-31.1311248432,100.310249297,100.310249297,100.0
4427093,9027681.0,15.0,60.0,0.0,16000.0,15.61,10.2285902259,12.1993902259,15.9001304364,15.3583350271,-33.9251040585,106.047634954,106.047634954,100.0
4427094,9027681.0,16.0,60.0,0.0,16000.0,15.61,10.2285902259,12.1993902259,13.3440782111,10.7732106853,-36.9161173337,102.313422833,102.313422833,100.0
4427095,9027681.0,17.0,60.0,0.0,16000.0,15.61,10.2285902259,12.1993902259,12.6985137462,10.6686654938,-40.1149658617,101.403109633,101.403109633,100.0
4427096,9027681.0,18.0,60.0,0.0,16000.0,15.61,10.2285902259,12.1993902259,10.3967288471,6.73668319981,-43.5308582584,98.4170861391,98.4170861391,100.0
4427097,9027681.0,19.0,60.0,0.0,16000.0,15.61,10.2285902259,12.1993902259,14.4943913326,12.9271844975,-47.1704657829,103.81213097,103.81213097,100.0
4427098,9027681.0,20.0,60.0,0.0,16000.0,15.61,10.2285902259,12.1993902259,13.007110101,10.7380885346,-51.0365445849,101.711413294,101.711413294,100.0
4427099,9027681.0,21.0,60.0,0.0,16000.0,15.61,10.2285902259,12.1993902259,14.3238479023,12.6459895715,-55.1258802117,103.439779781,103.439779781,100.0
4427100,9027681.0,22.0,60.0,0.0,16000.0,15.61,10.2285902259,12.1993902259,12.2851061513,9.09579040438,-59.4268966909,100.831512394,100.831512394,100.0
4427101,9027681.0,23.0,60.0,0.0,16000.0,15.61,10.2285902259,12.1993902259,11.0342818531,7.66403395886,-63.9164486895,99.2679409478,99.2679409478,100.0
4427102,9027681.0,24.0,60.0,0.0,16000.0,15.61,10.2285902259,12.1993902259,12.335187949,9.93561384193,-68.5555672698,100.881659344,100.881659344,100.0
4427103,9027681.0,25.0,60.0,0.0,16000.0,15.61,10.2285902259,12.1993902259,13.8724458578,12.1494886589,-73.2851419998,102.733005705,102.733005705,100.0
4427104,9027681.0,26.0,60.0,0.0,16000.0,15.61,10.2285902259,12.1993902259,12.5075667805,10.1441085792,-78.0207275865,101.062755784,101.062755784,100.0
4427105,9027681.0,27.0,60.0,0.0,16000.0,15.61,10.2285902259,12.1993902259,11.2597703209,8.52346178123,-82.6486898144,99.6431357107,99.6431357107,100.0
4427106,9027681.0,28.0,60.0,0.0,16000.0,15.61,10.2285902259,12.1993902259,12.941745099,11.2983760198,-87.0246175409,101.463188117,101.463188117,100.0
4427107,9027681.0,29.0,60.0,0.0,16000.0,15.61,10.2285902259,12.1993902259,10.941205576,8.95053279681,-90.9780480094,99.3989508586,99.3989508586,100.0
4427108,9027681.0,30.0,60.0,0.0,16000.0,15.61,10.2285902259,12.1993902259,12.7777644292,11.6531655459,-94.3279045467,101.205412932,101.205412932,100.0
4427109,9027681.0,31.0,60.0,0.0,16000.0,15.61,10.2285902259,12.1993902259,14.8457317284,14.0215250183,-96.9146851464,103.405750235,103.405750235,100.0
4427110,9027681.0,32.0,60.0,0.0,16000.0,15.61,10.2285902259,12.1993902259,11.659472702,10.6746037548,-98.6518716804,100.128002712,100.128002712,100.0
4427111,9027681.0,33.0,60.0,0.0,16000.0,15.61,10.2285902259,12.1993902259,10.6464617547,8.58238582325,-99.5869600883,99.195600795,99.195600795,100.0
4427112,9027681.0,34.0,60.0,0.0,16000.0,15.61,10.2285902259,12.1993902259,10.1679909715,8.29607538971,-99.9294829294,98.8033076788,98.8033076788,100.0
4427113,9027681.0,35.0,60.0,0.0,16000.0,15.61,10.2285902259,12.1993902259,11.3561118786,9.79015375061,-99.9972346556,99.8624350896,99.8624350896,100.0
4427114,9027681.0,36.0,60.0,0.0,16000.0,15.61,10.2285902259,12.1993902259,11.9795468739,10.5181079489,-99.9999959861,100.419628485,100.419628485,100.0
4427115,9027681.0,37.0,60.0,0.0,16000.0,15.61,10.2285902259,12.1993902259,13.0730223569,12.3524193675,0.0,101.3229688,101.3229688,100.0
4427116,9027681.0,38.0,60.0,0.0,16000.0,15.61,0.0,12.1993902259,0.0,0.0,0.0,0.0,0.0,0.0
